Firstname,Lastname,sam,ExtraRole,EmailAddress
Clark Kent,Clark.Kent,DA/ADM/EXTERNAL,Clark.Kent@Krypton.space
Jonathan,Kent,Jonathan.Kent,DA/ADM,Jonathan.Kent@Earth.space
Martha,Kent,Martha.Kent,,Martha.Kent@Earth.space
Lois,Lane,Lois.Lane,ADM,Lois.Lane@Earth.space
Lex,Luthor,Lex.Luthor,,Lex.Luthor@Earth.space
Lana,Lang,Lana.Lang,,Lana.Lang@Earth.space
Chloe,Sullivan,Chloe.Sullivan,,Chloe.Sullivan@Earth.space
